<?xml version="1.0" encoding="utf-8"?>
<ModuleInfo xmlns:xsd="http://www.w3.org/2001/XMLSchema" xmlns:xsi="http://www.w3.org/2001/XMLSchema-instance">
  <ModulePN>MOD01?????00??????</ModulePN>
  <Creator PN="01" Name="Acer-HQ1" />
  <Type PN="" Name="Drivers" />
  <Module PN="" Name="Intel Intel TXT Intel TXT Authenticated Code Module" Alias="" GUID="" Serial="Intel TXT Authenticated Code Module" Provider="Intel" Class="Intel TXT" />
  <WOS PN="93" Sku="WN All" CPU="X64" />
  <Lang>All language</Lang>
  <ModuleVersion>v1.18.18.0_24H2</ModuleVersion>
  <DriverVersion>v1.18.18.0</DriverVersion>
  <OptionVersion>Install.cmd</OptionVersion>
  <ProjectCodeName>NULL</ProjectCodeName>
  <OdmName>NBQCI</OdmName>
  <ModuleTimeout>0</ModuleTimeout>
  <InstallPreiod>SCD_WinPE</InstallPreiod>
  <Reboot>False</Reboot>
  <Delete>False</Delete>
  <ReinstallProcessList>
    <Process Country="" OS-Language="" OS-Sku="" Check="" Timeout="0" RetCode="-" Params="" Exec="%RELATIVE_PATH%\Install.cmd" Order="00" Period="" />
  </ReinstallProcessList>
  <AutoRun>True</AutoRun>
  <InstallPath />
  <Description />
  <ProcessList>
    <Process Country="" OS-Language="" OS-Sku="" Check="False" Timeout="0" RetCode="-" Params="" Exec="%RELATIVE_PATH%\Install.cmd" Order="00" Period="" />
  </ProcessList>
  <RegItemList />
  <ModuleProperty>RCD,STCD,RSCD</ModuleProperty>
  <HWIDs>MUST;ACPI\VEN_INTC&amp;DEV_1025;ACPI\INTC1025</HWIDs>
  <AutoCheckHWID>False</AutoCheckHWID>
  <CheckRemove>False</CheckRemove>
  <PackageFamilyName />
  <MVPKernelVersion>2.0.8.2</MVPKernelVersion>
  <MVPUIVersion>2.1.0.0</MVPUIVersion>
  <LOB>Notebook</LOB>
</ModuleInfo>